,prfInformationCarrier,prfYear,prfMonth,prfPrdOilNetMillSm3,prfPrdGasNetBillSm3,prfPrdNGLNetMillSm3,prfPrdCondensateNetMillSm3,prfPrdOeNetMillSm3,prfPrdProducedWaterInFieldMillSm3,prfNpdidInformationCarrier
4296,GOLIAT,2016,3,0.13718,0.0,0.0,0.0,0.13718,0.0,5774394
4297,GOLIAT,2016,4,0.14581,0.0,0.0,0.0,0.14581,0.0,5774394
4298,GOLIAT,2016,5,0.17715,0.0,0.0,0.0,0.17715,0.0,5774394
4299,GOLIAT,2016,6,0.34265,0.0,0.0,0.0,0.34265,0.0,5774394
4300,GOLIAT,2016,7,0.47777,0.0,0.0,0.0,0.47777,0.0,5774394
4301,GOLIAT,2016,8,0.32846,0.0,0.0,0.0,0.32846,0.0,5774394
4302,GOLIAT,2016,9,0.057,0.0,0.0,0.0,0.057,0.0,5774394
